file_name,canonical_method,canonical_variable,policy_domain,target_countries,geopolitical_scope,method_family,policy_actionability_score,policy_recommendation_excerpt
1. Lee & Lee. (2025). An Extended Dataset of Educational Quality Across Countries (1970–2023) 3.pdf,LASSO,Harmonized test scores (Tscore_ML),Resource_Allocation_Equity,JPN;KOR;SGP;USA;DEU;ZAF;QAT;GHA;KHM;SRB;BRA;IDN;FIN,Global,Hybrid_Penalized,2,"Using the harmonized cross-country test-score panel (1970–2023) anchored to the TIMSS 1995 metric, the study leveraged economic and education indicators to predict missing country-year test scores via LASSO regression, finding strong predictive performance (R² ≈ 0.91; RMSE ≈ 17.5 in-sample and ≈ 15.7 out-of-sample)."
10. Aydoğan & Tat. (2025). Investigating the Performance of Artificial Neural Networks in Predicting Affective Responses .pdf,Neural Network,Item3 response (predicted vs actual),Socio-Emotional_Intervention,LBN,Country-Specific,Deep_Learning,3,"Using PISA 2018 (Lebanon) Awacom item responses, the study leveraged Item1, Item2, Item4, Item5, and Item6 responses to predict Item3 responses with an ANN, finding moderate overlap between predicted and actual responses (match ratio ≈ 0.63; Kappa ≈ 0.42) and RMSE around 0.62, while validity/reliability analyses indicated that predicted items still supported the latent construct despite weakening some fit indices."
100. Ulitzsch et al. (2021). Combining Clickstream Analyses And Graph-Modeled Data Clustering For Identifying Common Response Processes.pdf,None,Dominant response processes (cliques of action patterns),Cross-Cutting_Methodological,USA,Country-Specific,Review_or_Methodology,3,"Using PIAAC 2012 PSTRE (US sample) item U01a process data, the study leveraged action-pattern similarity (based on LCS overlap and action-level timing) and then applied cluster edge deletion to identify homogeneous cliques representing dominant response processes, finding that incorporating action-level times increased differentiation (more and smaller cliques) compared with action-only similarity."
101. Tang et al. (2021). An exploratory analysis of the latent structure of process data via action sequence.pdf,Autoencoder,Derived binary variables (including item outcomes),Cross-Cutting_Methodological,Unspecified,Unspecified,Deep_Learning,3,"Using PIAAC 2012 PSTRE process data, the study leveraged autoencoder-derived process features—capturing sequence length/attentiveness and interface-related behavior—to predict derived binary indicators (including item outcomes), finding that the extracted features achieved high out-of-sample prediction accuracy (all >0.80; 35 nearly perfect)."
102. Costa et al. (2021). Improving the Precision of Ability Estimates Using Time-On-Task Variables: Insights From the PISA 2012 Computer-Based Assessment of Mathematics.pdf,None,Student math proficiency (EAP ability estimates),Cross-Cutting_Methodological,SGP;CHN;KOR;HKG;MAC;JPN;TAP;CAN;EST;BEL;DEU;FRA;AUS;AUT;ITA;USA;NOR;SVK;DNK;IRL;SWE;RUS;POL;PRT;SVN;ESP;HUN;ISR;ARE;BRA;COL,Global,Review_or_Methodology,3,"Using PISA 2012 Computer-Based Mathematics the study leveraged response accuracy and time-on-task information (modeled via hierarchical latent-variable speed factors) to estimate student math proficiency, finding that including response times increased measurement precision (higher EAP reliability and lower average standard errors) for nearly all countries, with the largest gain already achieved by the simple-structure hierarchical model (M2) and only modest additional improvement from cross-loadings (M3)."
103. Scherer et al. (2024). The potential of international large‑scale assessments for meta‑analyses in education.pdf,None,Literature synthesis outcome (not student-level prediction),Resource_Allocation_Equity,Unspecified,Unspecified,Review_or_Methodology,2,"Using ILSA literature synthesis (systematic review; no single student-level analytic micro-dataset) the study leveraged the reported predictors to predict Literature synthesis outcome (not student-level prediction), finding that This methodological review synthesizes four approaches for integrating ILSA data into education meta-analyses: separate meta-analyses, indirect inclusion via Bayesian meta-analysis, one-stage direct inclusion, and two-stage direct inclusion."
104. Jung et al. (2022). Automated Scoring of Constructed- Response Items Using Artificial Neural Networks in International Large-scale Assessment.pdf,Neural Network,SE71054 correctness (human vs ANN),Cross-Cutting_Methodological,USA,Country-Specific,Deep_Learning,3,"Using TIMSS 2019 eTIMSS constructed-response item SE71054 the study leveraged human rater scoring and IRT-expected scoring (used to weight/filter training instances) to predict item correctness with an ANN, finding that automated scores matched human scores very closely (r≈0.93) and that IRT-based weighting/filtering did not materially change performance."
105. Stiff et al. (2023). Research engagement in the Progress in International Reading Literacy Study: A systematic review.pdf,None,Reading Literacy,Socio-Emotional_Intervention,DEU;USA;SWE;ESP;GBR;ZAF;HKG;TUR;COL;TWN;QAT;KWT;KOR;NOR;ISR;CAN;NZL;SGP;BGR;HUN;GRC;ROU;MKD;LVA;LTU;MAC;CHN,Global,Review_or_Methodology,2,"Using PIRLS the study leveraged the reported predictors to predict Reading Literacy, finding that This paper is a systematic review that synthesizes how PIRLS has been used in peer-reviewed research, rather than training or evaluating machine learning models on PIRLS student data."
106. Zhai et al. (2023). Machine learning investigation of optimal psychoemotional well-being factors for students’ reading literacy.pdf,SVM,High vs low reading literacy (binary),Resource_Allocation_Equity;Socio-Emotional_Intervention,CHN,Country-Specific,Traditional_Stats,3,"Using PISA 2018 Reading data for B-S-J-Z (China) students, the study leveraged socioeconomic status (ESCS), learning goals, disciplinary climate, reading engagement stimulation, and parents’ emotional support to predict high vs low reading literacy, finding that the SVM model achieved high classification accuracy (≈0.905 with the optimal 15-feature set; 0.871 on the test set) and that ESCS was the most important feature according to SHAP."
107. Tan et al. (2025). Using machine learning algorithms to predict students’ general self-efficacy in PISA 2018.pdf,XGBoost,General self-efficacy (continuous IRT score),Socio-Emotional_Intervention,MYS;JPN;KAZ;IDN;CHN,Multi-Country,Ensemble_Learning,3,"Using PISA 2018 the study leveraged mastery goal orientation, meaning of life, proud, positive emotions, and learning aspiration to predict students’ general self-efficacy (continuous IRT score), finding that XGBoost outperformed Lasso and achieved test-set R² ≈ 0.467 with low error (RMSE ≈ 9.70, MAE ≈ 7.22)."
108. Goldman et al. (2025). Artificial Intelligence to Support Writing Outcomes for Students With Disabilities.pdf,None,Literature synthesis outcome (not student-level prediction),Curriculum_and_Instruction,Unspecified,Unspecified,Review_or_Methodology,2,"Using ILSA literature synthesis (systematic review; no single student-level analytic micro-dataset) the study leveraged the reported predictors to predict Literature synthesis outcome (not student-level prediction), finding that The article does not estimate ML models or report predictive performance metrics."
109. Fink et al. (2024). Methodological aspects of the highly adaptive testing design for PISA.pdf,None,Literature synthesis outcome (not student-level prediction),Cross-Cutting_Methodological,Unspecified,Unspecified,Review_or_Methodology,2,"Using PISA 2018 MST design the study leveraged the reported predictors to predict Literature synthesis outcome (not student-level prediction), finding that This methods paper formalizes the highly adaptive testing (HAT) design for PISA as an operationally feasible extension of computerized adaptive testing with shadow testing."
11. Demir & Karaboğa. (2021). Modeling mathematics achievement with deep learning methods.pdf,Jordan Neural Network,Mathematics achievement class (successful vs unsuccessful),Resource_Allocation_Equity;Governance_and_School_Climate;Socio-Emotional_Intervention,TUR,Country-Specific,Deep_Learning,4,"Using PISA 2018 Turkey the study leveraged Gender, sense of school belonging, socioeconomic status (ESCS), home possessions, and parents’ emotional support (plus ICT-related variables) to predict mathematics achievement class (successful vs unsuccessful), finding that the Jordan neural network achieved the highest test performance (Accuracy 0.826, AUC 0.739)."
"110. Ang et al. (2020). Big Educational Data & Analytics: Survey, Architecture and Challenges.pdf",None,Not_specified,Cross-Cutting_Methodological,Unspecified,Unspecified,Review_or_Methodology,2,"This paper provides a comprehensive survey of big educational data and analytics, covering data sources (e.g., LMS, MOOC, OER, social media, linked data), data collection/mining/database topics, big-data platforms/architectures (e.g., Hadoop, Spark, Samza), and analytics approaches (predictive analytics, learning analytics, recommendation systems, graph analytics, visual/immersive analytics)."
111. Bernardo et al. (2023). Profiling low-proficiency science students in the Philippines using machine learning.pdf,Random Forest,Poor vs better science proficiency (Level ≤1b vs ≥1a),Curriculum_and_Instruction;Governance_and_School_Climate;Socio-Emotional_Intervention,PHL,Country-Specific,Ensemble_Learning,4,"Using PISA 2018 Philippines science the study leveraged sense of belonging, perceived student cooperation, experienced bullying, work mastery motivation, and access to smartphones with internet at home to predict poor science proficiency (Level ≤1b vs ≥1a), finding that the Random Forest classifier achieved test accuracy of 0.74 and AUC of 0.83; SHAP was used to interpret the top 15 predictors, but the approach is predictive rather than causal and the manuscript does not report applying PISA sampling weights."
112. Zhang et al. (2023). Accurate Assessment via Process Data.pdf,None,PSTRE latent proficiency (process-incorporated vs response-based agreement with reference set),Cross-Cutting_Methodological,GBR;IRL;JPN;NLD;USA,Multi-Country,Hybrid_Penalized,3,"Using PIAAC 2012 PSTRE data from the scoring set and reference set split (7+7 items) across five countries/regions, the study leveraged process-derived features (embedded via MDS and combined through Rao–Blackwellization) together with response-based latent trait estimates to predict reference-set PSTRE proficiency, finding that process-incorporated scoring achieved consistently lower MSE and higher Kendall’s τ than response-based scoring, especially when the two estimators disagreed most."
113. Tyack et al. (2024). Using convolutional neural networks to automatically score eight TIMSS 2019 graphical response items.pdf,Neural Network,Automated CNN score classification vs human rater (dichotomous/partial credit as applicable),Cross-Cutting_Methodological,USA,Country-Specific,Deep_Learning,5,"Using TIMSS 2019 eTIMSS Grade 4 graphical response item the study leveraged human rater score category, item identity, grade level, content domain, and item complexity to predict the human rater classification from student images, finding that CNN-based automated scoring achieved near-perfect agreement (≈99%+ accuracy and F1 ≈0.995–0.999) for dichotomous items."
114. Khoudi et al. (2024). Identifying the contextual factors related to the reading performance of Moroccan fourth-grade students from a Machine Learning-based Approach..pdf,Gradient Boosting,Reading proficiency (Low vs Others),Curriculum_and_Instruction,MAR,Country-Specific,Ensemble_Learning,4,"Using PIRLS 2016 Morocco Grade 4 Reading the study leveraged reading achievement too low, students’ reading confidence, early literacy tasks performance, student age, and reading attitudes to predict whether students were in the Low reading proficiency group versus Others, finding that Gradient Boosting achieved the highest classification performance (Accuracy 80.97%, F1 63.80%) and identified 12 key contextual variables overall."
115. Rausch et al. (2024). Designing an International Large‑Scale Assessment of Professional Competencies and Employability Skills: Emerging Avenues and Challenges of OECD’s PISA‑VET.pdf,None,Literature synthesis outcome (not student-level prediction),Resource_Allocation_Equity;Teacher_Workforce_Development,Unspecified,Unspecified,Review_or_Methodology,2,"Using OECD the study leveraged the reported predictors to predict Literature synthesis outcome (not student-level prediction), finding that This is a non-empirical methodology paper describing the design of OECD’s PISA-VET assessment framework rather than reporting predictive modeling results."
"116. Ye & Yuan. (2022). Using a machine learning approach to explore non-cognitive factors affecting reading, mathematics, and science literacy in china and the united states.pdf",Decision Tree,Reading achievement (PV1READ),Curriculum_and_Instruction;Resource_Allocation_Equity;Socio-Emotional_Intervention,CHN;USA,Multi-Country,Traditional_Stats,3,"Using PISA 2018 Reading the study leveraged perceived PISA test difficulty (PISADIFF), meta-cognition credibility (METASPAM), meta-cognition summarizing (METASUM), socioeconomic status (ESCS), and science learning time (SMINS) to predict reading achievement, finding that metacognitive awareness and students’ perceived difficulty were among the most influential predictors, with ESCS and school learning-time variables also contributing."
117. Lim et al. (2024). Exploration of Variables Predicting Sense of School Belonging Using the Machine Learning Method—Group Mnet.pdf,Group Mnet,Sense of school belonging,Governance_and_School_Climate;Socio-Emotional_Intervention,KOR,Country-Specific,Hybrid_Penalized,3,"Using PISA 2015 (KOR) the study leveraged student gender, home ICT/educational resources, school climate (e.g., being threatened), teacher relationship indicators, and life satisfaction to predict students’ sense of school belonging, finding that positive peer/teacher relationships, parental support, cooperation tendencies, learning/physical activities, and life satisfaction were associated with higher belonging while anxiety, unfair teacher treatment, and being threatened by peers were associated with lower belonging; predictive performance was stable (RMSE≈0.39) but the manuscript notes that ML-selected predictors are not necessarily statistically significant in a conventional inferential sense."
118. Rutkowski et al. (2024). The limits of inference: reassessing causality in international assessments.pdf,None,Not_specified,Cross-Cutting_Methodological,Unspecified,Unspecified,Review_or_Methodology,2,The authors contrast RCTs (gold standard) with quasi-experimental designs and use published examples to illustrate where causal claims may fail.
119. Cortes et al. (2025). Evaluating uncertainty: the impact of the sampling and assessment design on statistical inference in the context of ILSA.pdf,None,reading achievement,Cross-Cutting_Methodological,NLD;BGR;ARE;MAC;ZAF;IRL;FRA;BEL;MLT;HKG;TWN;ESP;CAN;KAZ;ARG;TUR;USA,Global,Review_or_Methodology,2,"Using PIRLS 2016 data to compute design effects for multip, the document summarizes reading achievement in relation to See outcome_summary (descriptive associations not coded as predictors), reporting that This paper is not an ML prediction/classification study; it develops and applies a design-effect framework to decompose design-based uncertainty in ILSA inference."
12. Gomez-Talal et al. (2025). Interpretable Machine Learning Models for PISA Results in Mathematics.pdf,Stacking,Low vs High mathematics proficiency (binary),Curriculum_and_Instruction;Resource_Allocation_Equity;Governance_and_School_Climate,ESP,Country-Specific,Ensemble_Learning,3,"Using PISA 2022 Mathematics data for Spain, the study leveraged grade repetition, digital device ownership, extra mathematics class participation, number of books at home, and pre-class study/homework behavior to predict Low vs High mathematics proficiency, finding that the stacking meta-model achieved very high discrimination (AUC ≈ 0.9766) and that SHAP highlighted these factors as key drivers."
120. Rebai et al. (2020). A graphically based machine learning approach to predict secondary schools performance in Tunisia.pdf,Random Forest,School inefficiency score (DDF/DEA output),Resource_Allocation_Equity;Governance_and_School_Climate,TUN,Country-Specific,Ensemble_Learning,5,"Using PISA 2012 Tunisia school-level the study leveraged school size, class size, proportion of girls, competition, and parental pressure to predict school inefficiency (DDF/DEA) and found that inefficiency is most strongly associated with school characteristics—especially proportion of girls and school size—while competition and location show additional effects in linear robustness models; the authors also emphasize non-linear interactions captured by regression trees/random forests (with no causal claims beyond prediction)."
121. Braun et al. (2025). Rethinking TIMSS quality assurance: utilizing neural network models with regression‑based bias mitigation strategies for validating country‑level math and science achievement scores.pdf,Neural Network,Math achievement (country-level mean; residual screening),Resource_Allocation_Equity;Governance_and_School_Climate,ARE;AUS;BEL;BHR;CHL;CHN;DEU;DNK;ESP;GBR;GEO;HKG;IRN;IRL;ITA;JOR;KAZ;KWT;LBN;MAR;MYS;NLD;NZL;QAT;RUS;SAU;SGP;SWE;ZAF;TUR;USA;UKR,Global,Deep_Learning,3,"Using TIMSS 2011→2015 Grade 8 Mathematics the study leveraged socioeconomic, demographic, and student/teacher background variables to predict country-level mean math achievement and compute residuals, finding that most countries’ residuals were well-behaved while a small set of countries showed large positive residuals (top 20%) consistent with potential workflow anomalies."
122. Schmitz & Sonnleitner (2025). Evaluating AI‑generated vs. human‑written reading comprehension passages: an expert SWOT analysis and comparative study for an educational large‑scale assessment.pdf,None,Discernibility of authorship (human vs AI; % correct/definitely AI),Socio-Emotional_Intervention,LUX;DEU,Multi-Country,Review_or_Methodology,4,"Using Study 2 online blinded review the study leveraged text type, prompt design, and genre to predict authorship discernibility, finding that reviewers could not reliably distinguish human-written from GPT-4-generated texts (no category exceeded 50% correct), with informative zero-shot and narrative human-written texts showing the highest—but still limited—discernibility."
123. Jewsbury & Johnson (2025). Principal component analysis on the covariance matrix for data reduction in large‑scale assessments.pdf,None,Proficiency group mean estimates (PVs) bias and MSE,Cross-Cutting_Methodological,USA,Country-Specific,Review_or_Methodology,3,"Using the simulation design based on 2019 NAEP Mathematics Grade 8 the study leveraged variance-weighted PCA-COV (and hybrid variants including main reporting-group dummies) to predict PV-based proficiency group means, finding that PCA-COV greatly reduces bias and MSE compared with PCA-COR, with PCA-COV-Hybrid achieving the lowest mean bias for small reporting groups."
123. Schipper et al. (2025). Identifying students’ solution strategies in digital mathematics assessment using log data.pdf,None,Solution-strategy class membership (5 latent classes),Socio-Emotional_Intervention,FRA,Country-Specific,Review_or_Methodology,3,"Using CEDRE 2019 Grade 9 digital mathematics data for the “Product Equation” item, the study leveraged entered values (x and -2/3), interaction counts, and time-based log aggregates to identify five distinct solution-strategy classes, finding that students differed meaningfully in in-assessment behavior (e.g., absent, algebraic, pragmatic, trial-and-error, disengaged)."
124. Mirazchiyski & Gershteyn (2024). ﻿Technology factors related to the differences in paper and online reading scores in PIRLS 2016.pdf,None,Mode difference in reading for information (e-reading PV minus paper PV),Resource_Allocation_Equity;Socio-Emotional_Intervention,DNK;ITA;NOR;PRT;SVN;SWE,Multi-Country,Review_or_Methodology,3,Using PIRLS 2016 Grade 4 Reading for information (paper vs.
125. Huang & Keller (2025). Working with missing data in large‑scale assessments.pdf,None,288 schools) achievement | predicts mathematics achievement measured by pv1math–pv10math from gender | ESCS achievement | immigration status achievement | student behavior hindering learning achievement,Resource_Allocation_Equity;Teacher_Workforce_Development,BEL,Country-Specific,Review_or_Methodology,1,[Purely Methodological / No Explicit Policy Statement]
126. He et al. (2024). The relationship between personal‑collaborative motivation profiles and students’ performance in collaborative problem solving.pdf,None,CPS achievement (10 plausible values),Resource_Allocation_Equity;Socio-Emotional_Intervention,CHN,Country-Specific,Review_or_Methodology,3,"Using PISA 2015 CPS data from China (B-S-J-G regions), the study leveraged motivation profile membership along with gender, ESCS, SOIAICT, and school factors (notably PROSTCE) to predict CPS achievement (PVs)."
127. Sun et al. (2023). A Theoretical Framework for a Mathematical Cognitive Model for Adaptive Learning Systems.pdf,None,Literature synthesis outcome (not student-level prediction),Curriculum_and_Instruction,Unspecified,Unspecified,Review_or_Methodology,2,"Using TIMSS the study leveraged the reported predictors to predict Literature synthesis outcome (not student-level prediction), finding that This paper proposes a theoretical framework for constructing a mathematical cognitive model intended to support cognitive diagnostic assessment and adaptive learning systems."
128. Chen et al. (2020). Synergistic effects of instruction and affect factors on high‑ and low‑ability disparities in elementary students’ reading literacy.pdf,XGBoost,High vs low reading proficiency (benchmark-based),Socio-Emotional_Intervention,AUS;USA;GBR;HKG;MAC;TWN,Multi-Country,Ensemble_Learning,4,"Using PIRLS 2016 Grade 4 Reading data from English-instruction systems, the study leveraged reading self-concepts, reading attitudes, and selected teacher instructional practices (e.g., same-ability grouping and comprehension strategy instruction) to predict high vs low reading proficiency, finding that affective constructs—especially reading self-concepts—were the predominant and most influential factors for discriminating high from low achievers."
"129. Campos & Scherer. (2024). Digital gender gaps in Students’ knowledge, attitudes and skills: an integrative data analysis across 32 Countries.pdf",None,Digital skills (CIL) via ICT affect mediation,Socio-Emotional_Intervention,TUR;THA;RUS;CHE;CZE;POL;SVK;DEU;LTU;DNK;HRV;NLD;BAA;CHL;HKG;AUS;COT;NOR;NAL;SVN;KOR;NWD;PRT;URY;KAZ;FRA;LUX;USA;MSW;ITA;FIN,Global,Review_or_Methodology,3,"Using ICILS 2013 & 2018 Grade 8 CIL the study leveraged Gender, ICT availability at home, and ICT affect to estimate direct and indirect effects on digital skills, finding that girls outperformed boys (negative direct effect) and that ICT affect partially mediated the gender gap (positive indirect effect)."
13. Bu & Chen. (2023). What key contextual factors contribute to students’ reading literacy among top-performing countries and economies? Statistical and machine learning analyses.pdf,Gradient Boosting,Reading literacy (PV1READ),Curriculum_and_Instruction;Resource_Allocation_Equity;Socio-Emotional_Intervention,CHN;SGP;MAC,Multi-Country,Ensemble_Learning,5,"Using PISA 2018 Reading the study leveraged assessing credibility, summarizing information, and ESCS (along with reading interest and understanding/remembering) to predict reading literacy (PV1READ), finding that metacognitive factors—especially assessing credibility—were the most influential predictors and that the GBDT model achieved R²≈0.50 with RMSE≈68.34 for the combined top-performing countries/economies."
130. Chung et al. (2022). An International Comparison Study Exploring the Influential Variables Affecting Students’ Reading Literacy and Life Satisfaction.pdf,Random Forest,Reading literacy (Plausible Values) | Life satisfaction (0–10 scale),Curriculum_and_Instruction;Resource_Allocation_Equity;Governance_and_School_Climate;Socio-Emotional_Intervention,USA;KOR,Multi-Country,Ensemble_Learning,3,"Using PISA 2018 reading literacy the study leveraged socioeconomic status (ESCS), grade repetition, metacognitive strategies, ICT interest, and long-text use in class to predict reading literacy, finding that ESCS and multiple metacognitive/self-concept variables were positively associated with reading literacy in both countries, while the effect of long-text use differed by country (positive in the U.S., negative in South Korea)."
131. Damiani et al. (2024). Young people’s civic engagement in Italy: evidence on grade 8 students from the international civic and citizenship education study (ICCS) 2016.pdf,Logistic Regression,Civic engagement profile membership (disengaged/moderately engaged/engaged),Socio-Emotional_Intervention,ITA,Country-Specific,Traditional_Stats,4,"Using ICCS 2016 Italy Grade 8 the study leveraged citizenship self-efficacy, trust in civic institutions, engagement with social media, openness in classroom discussions, and civic learning at school to predict civic engagement profile membership, finding that engaged students were characterized by higher citizenship self-efficacy (and generally higher levels of the other listed predictors), while civic knowledge showed no statistically significant association."
14. Choi & Sung. (2024). Do Key Predictors of Academic Resilience Differ Across Cultures? Evidence From Korea and the US.pdf,Random Forest,Academic resilience (binary: reading Level 3+ vs below) using 10 reading PVs,Curriculum_and_Instruction;Resource_Allocation_Equity;Socio-Emotional_Intervention,KOR;USA,Multi-Country,Ensemble_Learning,5,"Using PISA 2018 Reading data for disadvantaged students (bottom-25% ESCS) in Korea and the US, the study leveraged meta-cognition variables (METASUM, METASPAM, UNDREM), reading self-concept (SCREADCOMP), and joy of reading (JOYREAD) to predict academic resilience (binary Level 3+ vs below) from reading plausible values, finding that individual cognitive/non-cognitive factors ranked highest in both countries while some predictors differed by culture (e.g., self-efficacy and educational expectation more prominent in Korea; fixed mindset and meaning in life more prominent in the US)."
15. Kalaycı-Alas & Demir. (2023). Heuristic analysis of the native language curriculum of  successful countries in pisa and turkey by using anfis.pdf,ANFIS,PISA 2018 reading score (country-level),Curriculum_and_Instruction,SGP;HKG;KOR;IRL;FIN;CAN;SWE;USA;TUR,Multi-Country,Hybrid_Penalized,3,"Using PISA 2018 Reading (country-level) together with native language curriculum document counts, the study leveraged Reading & listening outcomes and Reading & listening codes to predict the PISA 2018 reading score, finding a moderately strong and significant relationship (R²≈0.78) with RMSE≈20.57."
16. Bernardo et al. (2021). Using Machine Learning Approaches to Explore Non-Cognitive Variables Influencing Reading Proficiency in English among Filipino Learners.pdf,SVM,Reading proficiency group (low vs high) using PV1READ,Curriculum_and_Instruction;Resource_Allocation_Equity;Teacher_Workforce_Development;Governance_and_School_Climate;Socio-Emotional_Intervention,PHL,Country-Specific,Traditional_Stats,4,"Using PISA 2018 Reading data for the Philippines, the study leveraged perceived reading difficulty, exposure to bullying, mastery motivation/persistence, reading enjoyment, and socioeconomic status (ESCS) to classify students into low vs high reading proficiency groups (based on PV1READ), finding that the SVM achieved 81.20% test accuracy and AUC-ROC of 0.89; SHAP was used to identify the most influential variables, but the paper does not claim causal effects and does not report survey-weighted ML estimation."
17. McJames et al. (2023). Factors affecting teacher job satisfaction  a causal inference machine learning approach using data from TALIS 2018.pdf,BART,Teacher job satisfaction (TALIS scale),Teacher_Workforce_Development;Socio-Emotional_Intervention,GBR,Country-Specific,Ensemble_Learning,5,"Using TALIS 2018 (England) the study leveraged CPD participation, induction programme participation, and part-time contract status (along with other treatment indicators) to estimate causal effects on teacher job satisfaction, finding that CPD and induction had the strongest positive average treatment effects while part-time contracts had a negative effect; team teaching and observing showed positive directions but with wide uncertainty that included zero."
18. Khine et al. (2025). From Meals to Marks: Modeling the Impact of Family Involvement on Reading Performance with Counterfactual Explainable AI.pdf,Gradient Boosting,Reading achievement (READING plausible value),Resource_Allocation_Equity;Socio-Emotional_Intervention,ARE,Country-Specific,Ensemble_Learning,4,"Using PISA 2022 (UAE) reading plausible value the study leveraged family meal frequency, time talking with parents, and discussions about how school is going (plus other family-engagement items) to predict reading achievement, finding that Gradient Boosting achieved the best generalization (R² ≈ 0.188) and that counterfactual increases in SPENDTALK and EATMEAL could raise predicted reading scores by roughly 90 and 85 points respectively; however, the counterfactuals are univariate ceteris paribus simulations and SHAP-based importance is not causal evidence."
19. Khoudi et al. (2024). Finding the contextual impacts on Students’ Mathematical performance using a Machine Learning-based Approach.pdf,XGBoost,Low vs Others mathematics achievement (majority-vote benchmark),Curriculum_and_Instruction,MAR,Country-Specific,Ensemble_Learning,4,"Using TIMSS 2019 Grade 8 Mathematics data for Morocco, the study leveraged mathematics achievement too low, classroom libraries, science achievement too low, work on your own frequency, and student confidence in mathematics to predict low vs others mathematics achievement, finding that XGBoost achieved the best performance (Accuracy 81.92%, F1 74.42%) and identified 12 key contextual factors as most relevant."
2. Zhu et al. (2025). Predictive insights into U.S. students’ mathematics performance on PISA 2022 using ensemble tree-based machine learning models.pdf,XGBoost,Mathematics achievement (PVs),Resource_Allocation_Equity;Socio-Emotional_Intervention,USA,Country-Specific,Ensemble_Learning,4,"students, the study leveraged mathematics self-efficacy, ESCS, expected occupation status, familiarity with math concepts, and family support for self-directed learning to predict mathematics achievement (PVs), finding that these predictors were consistently among the most influential across ensemble tree models and that XGBoost provided the best accuracy–efficiency tradeoff."
20. Bezek-Güre et al. (2020) Analysis of Factors Effecting PISA 2015 Mathematics Literacy via Educational Data Mining EN.pdf,Random Forest,Math achievement status (low/medium/high),Resource_Allocation_Equity;Socio-Emotional_Intervention,TUR,Country-Specific,Ensemble_Learning,4,"Using PISA 2015 Mathematics (Turkey) the study leveraged anxiety, Turkish success status, mother education level, motivation, and epistemological beliefs to predict students’ mathematics achievement status (low/medium/high)."
21. Koo & Yoo. (2025). Teachers’ team innovativeness in TALIS 2018: An empirical and simulation study using glmmLasso for multilevel data.pdf,glmmLasso,Teachers’ team innovativeness (T3TEAM),Teacher_Workforce_Development;Governance_and_School_Climate;Socio-Emotional_Intervention,KOR,Country-Specific,Hybrid_Penalized,3,"Using TALIS 2018 Korea the study leveraged teacher collaboration indicators (e.g., joint activities across classes/ages, common standards work, team conferences) and teacher self-efficacy to predict teachers’ team innovativeness (T3TEAM), finding that most key predictors had positive associations while the school climate item on shared responsibility for school issues (TT3G48D) showed a negative association; glmmLasso achieved comparable predictive error to LASSO/Enet but selected a substantially smaller, more stable set of predictors."
22. Cheung et al. (2024). A machine-­ learning model of academic resilience in the times of the COVID-­ 19 pandemic: Evidence drawn from 79 countries:economies in the PISA 2022 mathematics study.pdf,Random Forest,Academic resilience status (ARS=1 vs NRS=0),Resource_Allocation_Equity;Socio-Emotional_Intervention,Unspecified,Unspecified,Ensemble_Learning,3,"Using PISA 2022 Mathematics the study leveraged math self-efficacy, math anxiety, familiarity with math concepts, truancy, and future aspirations to classify academic resilience status (ARS vs NRS), finding that the random-forest model achieved strong discrimination (ROC-AUC=96.79%) and that the top 35 features largely validated the prior resilience framework; SHAP was used to quantify feature contributions, but the paper is cross-sectional so SHAP-based importance should not be interpreted as causal effects."
23. Encarnação et al. (2025). Hierarchical clustering of the pre- exam anxiety levels in physically inactive and active adolescent students from 56 countries: an observational study using PISA program data.pdf,None,Pre-exam anxiety percentage (country-level) | Difference in pre-exam anxiety percentage (low vs high activity),Socio-Emotional_Intervention,AUS;BRA;FIN;EST;CHL;URY;DOM;NLD;ISR;DNK;TWN;COL;DEU;LTU;JPN;MNE;CRI;SVK;LUX;TUR;ESP;MYS;RUS;FRA;HUN;IRL;SGP;LVA;POL;CYP;MAC;GBR;CHE;BEL;TUN;PER;USA;CZE;CHN;PRT;NZL;KOR;SVN;NOR;GRC;ARE;QAT;BGR;HKG;AUT;CAN;SWE;MEX;HRV;THA;ISL,Global,Review_or_Methodology,3,"Using PISA 2018 the study leveraged physical activity status (low activity subgroup) to cluster countries by pre-exam anxiety percentage, finding that the most anxious countries formed two high-anxiety clusters (H-1: 67%, H-2: 78%) while three lower-anxiety clusters (L-1: 41%, L-2: 52%, L-3: 60%) emerged, with Brazil and the Dominican Republic among the highest-anxiety cluster members."
24. Wang et al. (2022). Why do East Asian students do so well in mathematics? A machine learning study.pdf,Random Forest,Mathematics achievement (Plausible Values; mean across five PV regressions),Resource_Allocation_Equity,TWN;HKG;JPN;KOR;SGP,Multi-Country,Ensemble_Learning,4,"Using TIMSS 2019 Grade 8 mathematics the study leveraged students’ confidence in mathematics, student SES, and school emphasis on academic success (among other socio-ecological factors) to predict mathematics achievement, finding that the top 11 predictors explained 49% of the variance (R²=0.49; RMSE=0.71) and that the three most important variables were students’ confidence, SES, and school academic emphasis."
25. Anersen et al. (2025). Algorithmic Fairness in Automatic Short Answer Scoring.pdf,SVM,Item correctness (correct vs incorrect) predicted from text | Automatic-vs-human scoring bias (demographic disparity) for gender and language groups,Cross-Cutting_Methodological,DEU,Country-Specific,Traditional_Stats,3,"Using PISA 2015 (Germany) reading-literacy item the study leveraged gender, language spoken at home, student performance level, psychometric item difficulty, and linguistic variance of responses to predict item correctness from short text responses, finding that the SVM with RoBERTa sentence embeddings achieved the highest overall agreement with human scoring (κ = 0.82) and that higher scoring accuracy generally corresponded to lower demographic disparity."
26. Bencomo-Mesa et al. (2025). Inequality of Opportunity in Education in Spanish Regions: A Machine Learning Approach.pdf,Conditional Inference Forests,Inequality of opportunity in science achievement (IOpE),Resource_Allocation_Equity;Governance_and_School_Climate;Socio-Emotional_Intervention,ESP,Country-Specific,Ensemble_Learning,4,"Using PISA 2018 science data for Spain’s regions, the study leveraged number of books at home, household cultural possessions, and parental occupation (mother/father) to predict achievement within conditional inference trees/forests and then computed IOpE as the share of achievement variance explained by circumstances, finding that the preferred CIF specification yields IOpE more than twice the traditional linear-regression estimates (on average 43% vs 20%), with Murcia and Extremadura among the highest and Castilla-La Mancha and País Vasco among the lowest."
27. Cai et al. (2025). A study on factors influencing digital sports participation among Chinese secondary school students based on explainable machine learning.pdf,Logistic Regression,Digital Sports participation (binary),Resource_Allocation_Equity;Socio-Emotional_Intervention,HKG,Country-Specific,Traditional_Stats,4,"Using PISA 2018 (Hong Kong, China) the study leveraged academic performance, weekly PE days, household ICT resources, school ICT resources, and ICT social perception to predict students’ digital sports participation, finding that weekly PE days, household ICT resources, school ICT resources, and ICT social perception were positively associated with participation, while academic performance showed a negative association."
28. Jung et al. (2024). Combining machine translation and automated scoring in international large-scale assessments.pdf,Neural Network,Automated item scoring agreement (human vs machine) | Psychometric similarity of machine scores (AITC and item difficulty),Cross-Cutting_Methodological,DEU;AUT;FRA;TUR;USA;CHN;KOR,Multi-Country,Deep_Learning,3,"Using TIMSS 2019 Grade 4 Science constructed-response the study leveraged machine translation engine choice, original response language, item identity, and country context to predict dichotomous correctness, finding that automated scoring with ANN classifiers achieved comparable human-machine agreement (average F1=0.88, kappa=0.80) with only marginal mean score differences (average SMD=-0.04), though performance was weaker for specific items/countries (notably Item 5 and Item 6 in C6)."
29. Huang et al. (2024). Applying Machine Learning and SHAP Method to Identify Key Influences on Middle-School Students’ Mathematics Literacy Performance.pdf,XGBoost,Mathematics literacy (PV1MATH),Resource_Allocation_Equity;Socio-Emotional_Intervention,HKG;MAC;TWN;SGP;JPN;KOR,Multi-Country,Ensemble_Learning,4,"Using PISA 2022 Mathematics literacy (PV1MATH) data from Hong Kong, Macao, Taipei, Singapore, Japan, and Korea, the study leveraged Math self-efficacy, expected occupational status, ESCS, weekend ICT leisure frequency, and math anxiety to predict mathematics literacy, finding that XGBoost achieved the best validation performance (R2=0.60; PCC=0.77) and that SHAP-based global explanations identified 15 key predictors with math self-efficacy as the strongest positive influence; the authors caution that SHAP explanations do not establish causal effects."
3. Zhou et al. (2024). Investigating response behavior through TF-IDF and Word2vec text analysis_ A case study of PISA 2012 problem-solving process data.pdf,Random Forest,Correct answer (binary 0/1),Cross-Cutting_Methodological,Unspecified,Unspecified,Ensemble_Learning,3,"Using PISA 2012 Problem Solving process data (Climate control CP02501) the study leveraged VOTAT navigation behavior, sequence length, reset frequency, and 0_0_0 behavior usage to predict correct answer (binary 0/1), finding that Random Forest with TF-IDF features achieved the best overall performance (F1=0.8419; Accuracy=0.8231; Recall=0.8572)."
30. Wang et al. (2023). Understanding Students’ Subjective and Eudaimonic Well‑Being: Combining both Machine Learning and Classical Statistics.pdf,Random Forest,Positive affect (SWBP) | Negative affect (SWBN) | Life satisfaction (SWBL) | Eudaimonic well-being (EUDA; meaning in life),Curriculum_and_Instruction;Resource_Allocation_Equity;Teacher_Workforce_Development;Governance_and_School_Climate;Socio-Emotional_Intervention,HKG,Country-Specific,Ensemble_Learning,4,"Using PISA 2018 Hong Kong the study leveraged sense of belonging to school and resilience (plus additional microsystem/mesosystem factors) to predict positive affect, finding that school belonging was the most salient predictor and resilience was the second most influential factor (best model achieved R²=19.15% with RMSE=0.81 under 10-fold CV)."
31. Zhang & Cutumisu. (2024). Predicting the Mathematics Literacy of Resilient Student.pdf,Random Forest,Mathematics literacy (Plausible Values 1–10),Curriculum_and_Instruction;Resource_Allocation_Equity;Socio-Emotional_Intervention,AUS;AUT;BEL;CAN;CZE;DNK;EST;FIN;IRL;LVA;NLD;NZL;POL;SVN;SWE;CHE;GBR;TWN;HKG;JPN;KOR;MAC;SGP,Global,Ensemble_Learning,3,"Using PISA 2022 Mathematics literacy data for resilient students in Eastern cultures, the study leveraged mathematics self-efficacy (21st-century and formal/applied), mathematics anxiety, effort/persistence, and working-in-household indicators to predict mathematics literacy (PVs 1–10) with Random Forest and Lasso; Random Forest achieved lower RMSE/MAE than Lasso and the most important predictors in Eastern cultures included MATHEF21, MATHEFF, and ANXMAT."
32. Resinoet al. (2024). Student well-being and mathematical literacy performance in PISA 2018  a machine-learning approach.pdf,Random Forest,Mathematical literacy achievement (PVs),Resource_Allocation_Equity;Socio-Emotional_Intervention,ESP,Country-Specific,Ensemble_Learning,4,"Using PISA 2018 (Spain) mathematical literacy plausible values the study leveraged social well-being variables (talking to parents’ partners and time with friends) together with physical and material well-being indicators to predict mathematical literacy, finding that social well-being—especially communication with parents’ partners and peer time—was among the most influential predictors and that the best-performing models were selected via lowest RMSE across plausible values."
33. McJames et al. (2024). Little and often: Causal inference machine learning demonstrates the benefits of homework for improving achievement in mathematics and science.pdf,BCF,Mathematics achievement (Plausible Values) | Science achievement (Plausible Values) | Moderation by socioeconomic resources (homework effect heterogeneity),Curriculum_and_Instruction;Resource_Allocation_Equity,IRL,Country-Specific,Ensemble_Learning,5,"Using TIMSS 2019 Grade 8 Mathematics (Ireland) the study leveraged student background and school/context controls (e.g., parents' education, books at home, school average SES) together with homework frequency/duration to predict mathematics achievement (PVs), finding that increasing homework frequency to every day produced a positive causal ATE (7.51 points; 95% CrI 1.63–16.57), while increasing homework duration beyond 15 minutes showed no clear benefit."
34. Miranda et al. (2021). Development of INSVAGRAM: An English Subject-Verb Agreement Mobile Learning Application.pdf,None,Literature synthesis outcome (not student-level prediction),Cross-Cutting_Methodological,PHL,Country-Specific,Review_or_Methodology,2,"Using OECD the study leveraged the reported predictors to predict Literature synthesis outcome (not student-level prediction), finding that This paper reports the development of the INSVAGRAM mobile learning application for English subject-verb agreement, guided by (i) a questionnaire profiling 132 fifth-grade students’ access to technology and technology aptitude and (ii) virtual interviews with five English teachers to identify the least mastered topic."
35. Nguyen et al. (2023). An evaluation of tiered machine learning framework to predict science achievement among Singapore students.pdf,XGBoost,Science achievement class (5 categories),Resource_Allocation_Equity;Socio-Emotional_Intervention,SGP,Country-Specific,Ensemble_Learning,4,"Using TIMSS 2019 Grade 8 Science data for Singapore, the study leveraged socioeconomic status (parents), confidence in science, and valuing science to predict science achievement class membership, finding that the tiered framework selected XGBoost as the best-performing classifier (highest accuracy and precision) with MAE as low as 0.99, despite only moderate correlation between predictors and the achievement target."
36. Alvarez-Garcia et al. (2024). Uncovering student profiles. An explainable cluster analysis approach to PISA 2022.pdf,XGBoost,Student cluster membership (7 clusters) | Academic performance differences across clusters (Math/Science/Reading),Resource_Allocation_Equity,ESP,Country-Specific,Ensemble_Learning,3,"Using PISA 2022 Spain the study leveraged socioeconomic status (ESCS), ICT use at home and school, and gender to classify students into 7 explainable clusters, finding that ESCS and ICT-use variables had the highest predictive power for cluster membership and that the best model achieved 0.8643 test accuracy."
37. Guo et al. (2024). Large-Scale Assessments for Learning: A Human-Centred AI Approach to Contextualizing Test Performance.pdf,Random Forest,Process profile label (11 profiles),Socio-Emotional_Intervention,USA,Country-Specific,Ensemble_Learning,3,"Using NAEP 2017 Grade 8 Mathematics released digital assessment the study leveraged item response correctness, discretized response-time patterns, and discretized tool-use sequences (preserving early/middle/late context) to create and annotate 11 student process profiles, finding that profile labels largely align with raw score levels (from very low/disengaged to highest-performing) while providing additional context on engagement, rapid responding, speededness, and tool regulation."
38. Hernández-Ramos & Araya. (2025). Do School Activities Foster Creative Thinking? An Analysis of PISA Results.pdf,None,Creative thinking mean score (PISA 2022) | Scientific problem-solving domain score (PISA 2022),Curriculum_and_Instruction;Socio-Emotional_Intervention,AUS;CAN;DNK;HKG;IRL;JAM;LVA;NLD;NZL;PAN;GBR,Global,Review_or_Methodology,3,"Using PISA 2022 Creative Thinking country/economy mean scores, the study leveraged the verbal/critical activities composite (Var 1) and the art/music activities composite (Var 2) to predict creative thinking mean score, finding that Var 1 had a strong negative association while Var 2 had a smaller positive association; programming activity participation was not statistically significant."
39. Zheng et al. (2025). Unfolding key factors of resilience in ICT cognitive-motivational engagement: Global evidence from machine learning techniques.pdf,SVM,Resilience in ICT engagement (IRS vs NRS),Resource_Allocation_Equity;Socio-Emotional_Intervention,Unspecified,Unspecified,Traditional_Stats,3,"Using PISA 2018 ICT familiarity questionnaire the study leveraged ICT use outside school, ICT resources at home, self-efficacy, gender, and parents’ emotional support to classify resilience in ICT engagement (IRS vs NRS), finding that SVM achieved the best overall discrimination by F-measure (87.78%) and very high recall (97.09%), while Logistic Regression was the weakest (F-measure=69.51%)."
4. Zheng et al. (2023). Identifying key features of resilient students in digital reading: Insights from a machine learning approach.pdf,SVM,Academic resilience classification (ARS vs NRS; binary),Curriculum_and_Instruction;Resource_Allocation_Equity;Teacher_Workforce_Development;Governance_and_School_Climate;Socio-Emotional_Intervention,CHN;HKG;MAC;TWN;JPN;KOR;SGP,Multi-Country,Traditional_Stats,4,"Using PISA 2018 digital reading data for ESCS-disadvantaged students across seven East Asian economies, the study leveraged metacognitive reading strategies (assessing credibility, summarizing, understanding/remembering) and reading enjoyment—along with selected ICT, school climate, and teacher-practice variables—to classify academically resilient (ARS) versus non-academically resilient (NRS) students, finding that the SVM achieved strong discrimination (AUC≈94.86%) with the top 20 contextual features."
40. Kim et al. (2024). Exploring Influencing Factors at Student and Teacher:School levels on Science Self-efficacy Using Machine Learning and Multilevel Latent Profile Analysis.pdf,LightGBM,Science self-efficacy (WLE index),Socio-Emotional_Intervention,SGP;JPN;EST;FIN;KOR,Multi-Country,Ensemble_Learning,3,"Using PISA 2015 Science data (SGP, JPN, EST, FIN, KOR) at the student level, the study leveraged environmental awareness, index science activities, epistemological beliefs, interest in broad science topics, and test anxiety to predict science self-efficacy (WLE), finding that LightGBM achieved the smallest prediction error (RMSE = 0.960) among the evaluated regression models."
"41. Immekus et al. (2022). Machine learning procedures for predictor variable selection for schoolwork‑related anxiety: evidence from PISA 2015 mathematics, reading, and science assessments.pdf",LASSO,Schoolwork-related anxiety (ANXTEST),Governance_and_School_Climate;Socio-Emotional_Intervention,USA,Country-Specific,Hybrid_Penalized,4,"Using PISA 2015 (US students) the study leveraged Gender, achievement goals (want top grades), sense of belonging (feeling like an outsider), and prior achievement (mathematics and reading PV1) to predict schoolwork-related anxiety (ANXTEST), finding that LASSO and Elastic Net outperformed Random Forest in RMSE while yielding comparable predictor-selection patterns across 100 split-iterations."
42. Gil-Madrona et al. (2025). What Are the Best Predictors of STEM Competences in PISA 2018? An Analysis of the Spanish Context Using Data Mining.pdf,Ridge Regression,Mathematics achievement (averaged PISA-derived variables) | Science achievement (averaged PISA-derived variables),Curriculum_and_Instruction;Socio-Emotional_Intervention,ESP,Country-Specific,Hybrid_Penalized,4,"Using PISA 2018 Spain the study leveraged ICT access and use, student well-being, supportive school context, household possessions/background, and metacognition to predict mathematics achievement, finding that the Ridge model achieved the highest prediction percentage (56.10%) among the three learners."
43. Hu et al. (2025). Predicting adolescents’ environmental action: From individual to national-level factors using an explainable machine learning approach.pdf,LightGBM,Private-sphere environmental actions (classification) | Public-sphere environmental actions (classification),Governance_and_School_Climate;Socio-Emotional_Intervention,Unspecified,Unspecified,Ensemble_Learning,3,"Using PISA 2018 the study leveraged environmental attitude, critical thinking, climate-change explanatory capacity, school collaboration atmosphere, and sense of life meaning to predict private-sphere environmental actions, finding that individual and school-level factors were most influential and that LightGBM achieved the best overall validation/test performance while XGBoost was selected as the final private-action model based on accuracy/robustness."
44. Lezhnina & Kismihók. (2021). Combining statistical and machine learning methods to explore German students  attitudes towards ICT in PISA.pdf,Random Forest,Mathematics proficiency level (categorical) | Science proficiency level (categorical) | Mathematical literacy (continuous; PV-based) | Scientific literacy (continuous; PV-based),Resource_Allocation_Equity,DEU,Country-Specific,Ensemble_Learning,4,"Using PISA 2015 Germany the study leveraged ICT autonomy, socioeconomic status (ESCS), gender, ICT interest, and ICT competence to predict mathematics proficiency level categories, finding that ICT autonomy was among the most important predictors and that higher autonomy increased the probability of Level 5+ while lower autonomy increased the probability of below Level 2."
45. Öz et al. (2024). Stacking: An ensemble learning approach to predict student performance in PISA 2022.pdf,Stacking,Mathematics achievement (PVs) | Reading achievement (PVs) | Science achievement (PVs),Socio-Emotional_Intervention,AUT;BEL;BGR;BRA;CAN;CHE;CHL;CHN;COL;CRI;CZE;DEU;DNK;ESP;EST;FIN;FRA;GBR;GRC;HKG;HRV;HUN;IDN;IRL;ISL;ISR;ITA;JPN;KOR;LTU;LVA;MAC;MEX;NLD;NOR;NZL;POL;PRT;QAT;ROU;SAU;SGP;SVK;SVN;SWE;TUR;TWN;USA;ZAF,Global,Ensemble_Learning,3,"Using PISA 2022 mathematics PV the study leveraged stacking (with ridge regression as the level-1 meta-learner) to predict mathematics achievement, finding that stacking achieved the lowest error metrics (MAPE/MAE/MSE) for the vast majority of countries compared with XGBoost, HGB, LightGBM, and blending."
"46. Peng et al. (2023). Examining ICT attitudes, use and support in blended learning settings for students’ reading performance_ Approaches of artificial intelligence and multilevel model.pdf",Random Forest,Reading achievement (Plausible Values) | Reading achievement (Plausible Values) — multilevel effects,Resource_Allocation_Equity,AUS;AUT;BEL;CHL;CZE;DNK;EST;FIN;FRA;DEU;GRC;HUN;ISL;IRL;ISR;ITA;JPN;KOR;LVA;LTU;LUX;MEX;NZL;POL;SVK;SVN;ESP;SWE;CHE;TUR;GBR;USA,Global,Ensemble_Learning,3,"Using PISA 2018 Reading data for 15-year-olds in blended test language classes, the study leveraged socioeconomic status (ESCS), ICT use at school, interest in ICT, ICT use outside for schoolwork, and ICT use outside for entertainment to predict reading achievement (Plausible Values), finding that the retained ICT-related feature set collectively predicted reading performance with moderate fit (R² = 0.38) and that student-level ICT-related factors were most important in the RF feature-importance ranking."
"47. Haw & King. (2023). Understanding Filipino students’ achievement in PISA_ The roles of personal characteristics, proximal processes, and social contexts.pdf",Random Forest,Reading achievement (PVs),Curriculum_and_Instruction;Resource_Allocation_Equity;Governance_and_School_Climate;Socio-Emotional_Intervention,PHL,Country-Specific,Ensemble_Learning,4,"Using PISA 2018 Philippines the study leveraged self-concept of reading difficulty, fixed mindset, socioeconomic status (ESCS), grade repetition, and school belongingness to predict reading achievement (plausible values), finding that self-concept of reading difficulty was the strongest predictor and that personal characteristics, proximal processes, and contextual factors jointly explained about 64% of variance in the unobserved sample (RF), with broadly similar but smaller effects in the follow-up HLM (R²=0.53)."
48. Pan & Cutumisu. (2022). Using machine learning to predict UK and Japanese secondary students' life satisfaction in PISA 2018.pdf,Random Forest,Life satisfaction (0–10 scale),Resource_Allocation_Equity;Teacher_Workforce_Development;Governance_and_School_Climate;Socio-Emotional_Intervention,GBR;JPN,Multi-Country,Ensemble_Learning,4,"Using PISA 2018 (UK) the study leveraged meaning in life, motivation to master tasks, student competition, ICT resources, and exposure to bullying to predict students' life satisfaction, finding that the Random Forest model outperformed k-NN and achieved higher predictive fit (test R² ≈ 0.187 vs."
49. Bernardo et al. (2022). Contrasting Profiles of Low-Performing Mathematics Students in Public and Private Schools in the Philippines: Insights from Machine Learning.pdf,Random Forest,Low math performance (PV1MATH below Level 1),Curriculum_and_Instruction;Resource_Allocation_Equity;Governance_and_School_Climate;Socio-Emotional_Intervention,PHL,Country-Specific,Ensemble_Learning,3,"Using PISA 2018 Philippines public-school the study leveraged mobile/internet access at home, vocational-degree expectations, metacognitive email-response judgment, parents’ occupational status, and motivation/persistence to master tasks to classify students as low vs better mathematics performers, finding that Random Forest achieved the highest validation accuracy (0.79) and that resource-constraint and aspiration-related variables were among the most influential predictors (as indicated by SHAP)."
5. Song & Cutumisu. (2024). Using machine learning to predict student science achievement based on science curriculum type in TIMSS 2019.pdf,Random Forest,Science achievement (Plausible Values BSSSCI01–BSSSCI05),Curriculum_and_Instruction;Resource_Allocation_Equity,AFG;ALB;DZA;ARG;AUS;AUT;AZE;BHR;BEL;BWA;BRA;BGR;CAN;CHL;CHN;COL;CRI;CZE;DNK;DOM;EGY;EST;FIN;FRA;DEU;GHA;GRC;HKG;HUN;ISL;IND;IDN;IRN;IRL;ISR;ITA;JPN;JOR;KOR;KWT;LVA;LTU;LUX;MAC;MYS;MEX;MAR;NLD;NZL;NOR;OMN;PAK;PER;PHL;POL;PRT;QAT;ROU;RUS;SAU;SGP;SVK;SVN;ZAF;ESP;SWE;CHE;TWN;TUR;ARE;GBR;USA;VNM,Global,Ensemble_Learning,3,"Using TIMSS 2019 Grade 8 Science the study leveraged socioeconomic background, science confidence, instructional time, and science experiment frequency (with curriculum type as a key comparison variable) to predict science achievement using Random Forest, finding that Random Forest outperformed linear regression, lasso regression, decision trees, and neural networks and that curriculum type had only a weak direct predictive role while integrated curricula showed a small positive advantage after propensity score matching."
"50. Rico-Juan et al. (2024). Holistic exploration of reading comprehension skills, technology and socioeconomic factors in Spanish teenagers.pdf",CatBoost,Reading comprehension skills (PVREAD mean),Resource_Allocation_Equity,ESP,Country-Specific,Ensemble_Learning,3,"Using PISA 2018 Spain reading comprehension the study leveraged playing online games, daily internet use (weekdays), perceived ICT competence, perceived ICT autonomy, and mother’s education level to predict reading comprehension skills, finding that online gaming is the strongest negative factor while moderate weekday internet use and positive ICT perceptions are associated with higher reading scores; CatBoost provided the best predictive performance under RMSE-based 10-fold cross-validation."
51. Jewsbury et al. (2025). Irt‑latent regression with many predictors: limits and solutions.pdf,None,Literature synthesis outcome (not student-level prediction),Cross-Cutting_Methodological,Unspecified,Unspecified,Review_or_Methodology,2,"Using OECD the study leveraged the reported predictors to predict Literature synthesis outcome (not student-level prediction), finding that This paper is a simulation/theory study of IRT-latent regression with many predictors and its impact on PV-based inferences in large-scale assessments."
"52. Hu et al. (2023). Decoding Contextual Factors Differentiating Adolescents’ High, Average, and Low Digital Reading Performance Through Machine-Learning Methods .pdf",SVM,High vs low digital reading performance (binary classification using PV1) | High vs average digital reading performance (binary classification using PV1) | Low vs average digital reading performance (binary classification using PV1),Resource_Allocation_Equity;Governance_and_School_Climate;Socio-Emotional_Intervention,USA,Country-Specific,Traditional_Stats,4,"Using PISA 2018 Digital Reading the study leveraged socioeconomic status (ESCS), expected occupational status (BSMJ), enjoyment of reading (JOYREAD), reading competence perception (SCREADCOPM), and reading difficulty perception (SCREADDIFF) to predict high versus low digital reading performance (binary outcome based on OECD proficiency cutoffs using PV1)."
53. Tin et al. (2024). Educational Big Data Mining: Comparison of Multiple Machine Learning Algorithms in Predictive Modelling of Student Academic Performance.pdf,Gradient Boosted Trees,Academic performance (AP) categories A–D (proxy for CGPA),Resource_Allocation_Equity;Socio-Emotional_Intervention,Unspecified,Unspecified,Ensemble_Learning,3,"Using PISA 2018 the study leveraged reading skills and habits, home learning environment, career goals/mindset, family background, and mental health to predict academic performance categories (A–D) derived from PISA plausible values, finding that Gradient Boosted Trees achieved the highest classification performance (Accuracy 73.7%, Recall 88.3%)."
54. Soares. (2024). Combining Statistical and Machine Learning Methods to Identify Predictors of Brazilian Students’ Pro ciency in PISA 2018.pdf,Random Forest,Mathematics proficiency (Low vs Proficient) | Science proficiency (Low vs Proficient) | Reading proficiency (Low vs Proficient),Curriculum_and_Instruction;Governance_and_School_Climate,BRA,Country-Specific,Ensemble_Learning,4,"Using PISA 2018 Mathematics data for Brazil, the study leveraged annual household income and metacognition subscales (summarizing, assessing credibility, understanding/remembering) along with parents’ highest occupational status to predict mathematics proficiency (Low vs Proficient), finding that higher socioeconomic resources and stronger metacognitive skills increased the odds of being proficient, while grade repetition and additional instruction were associated with lower odds."
55. Ramazan et al. (2023). Students’ 2018 PISA reading self-concept: Identifying predictors and examining model generalizability for emergent bilinguals.pdf,Elastic Net,Reading self-concept (composite scale),Curriculum_and_Instruction;Resource_Allocation_Equity;Teacher_Workforce_Development;Socio-Emotional_Intervention,USA,Country-Specific,Hybrid_Penalized,3,"Using PISA 2018 Reading data for the United States, the study leveraged reading habits, perceived ICT competence, work mastery, teacher understanding, and father’s education to predict students’ reading self-concept, finding that reading habits and mastery/competence beliefs were strong positive predictors while ICT availability/use and subjective well-being were negative predictors; teacher-level predictors were not significant in the full MLM."
56. Wang et al. (2022). What explains Macau students’ achievement? An integrative perspective using a machine learning approach.pdf,Random Forest,Reading achievement (Plausible Values),Curriculum_and_Instruction;Governance_and_School_Climate;Socio-Emotional_Intervention,MAC,Country-Specific,Ensemble_Learning,3,"Using PISA 2018 Reading data for Macau students (restricted to Chinese test-language participants), the study leveraged metacognition, enjoyment of reading, reading self-concept, and demographic factors (grade repetition and grade level) to predict reading achievement (Plausible Values), finding that personal factors—especially metacognitive strategies and reading enjoyment—were the most important predictors, while school/family contexts showed lower predictive power."
57. Lee. (2022). What drives the performance of Chinese urban and rural secondary schools: A machine learning approach using PISA 2018.pdf,Linear Regression,School-level academic performance (average test scores),Resource_Allocation_Equity;Governance_and_School_Climate,CHN,Country-Specific,Traditional_Stats,4,"Using PISA 2018 China data aggregated to the school level, the study leveraged meta-cognition (METASPAM), class size (CLSIZE), socioeconomic status (ESCS), learning time (TMINS), and parents' emotional support (EMOSUPS) to predict school-level academic performance, finding that intermediate learning outcomes and student characteristics have the strongest positive contributions in best urban schools, while lower intermediate outcomes and weaker student/family factors drive lower performance in worst urban and worst rural schools relative to the benchmark."
58. Rodriguez-Barrios et al. (2021). Bayesian Approach to Analyze Reading Comprehension: A Case Study in Elementary School Children in Mexico.pdf,Bayesian Network,Language and communication level (I–IV),Cross-Cutting_Methodological,MEX,Country-Specific,Traditional_Stats,3,"Using the elementary school experiment data in Mexico (Grades 5–6) with a Bayesian network, the study leveraged learning style, learning pace, reading speed, and reading comprehension to predict the language-and-communication achievement level (I–IV), finding that the model achieved 85.36% precision in validation."
"59. Schwerter et al. (2025). Metropolitan, Urban, and Rural Regions: How Regional Differences Affect Elementary School Students in Germany.pdf",LASSO,Academic track recommendation (Gymnasium vs not) | Enjoyment of school (latent/scale score) | Reading interest (scale score),Resource_Allocation_Equity;Teacher_Workforce_Development;Governance_and_School_Climate;Socio-Emotional_Intervention,DEU,Country-Specific,Hybrid_Penalized,4,"Using PIRLS 2016 Germany Grade 4 the study leveraged student and school characteristics selected via LASSO (notably parental support, student skills, and classroom/ICT-related factors) to predict academic track recommendation, finding that the initial rural and metropolitan advantages in the baseline model largely disappeared after controlling for the selected principal components."
6. Elouafi. (2025). Uncovering Key Factors of Student Performance in Math_ An Explainable Deep Learning Approach Using TIMSS 2019 Data.pdf,SVM,Mathematics performance (binary from PV tiers),Resource_Allocation_Equity;Teacher_Workforce_Development,MAR,Country-Specific,Traditional_Stats,3,"Using TIMSS 2019 Grade 8 Mathematics data (Morocco subset), the study leveraged teacher instructional practices, ICT/digital tool use, and school resource indicators to predict binary mathematics performance derived from PV tiers, finding that an SVM trained on autoencoder latent features achieved the highest classification performance (Accuracy=0.74, F1=0.73, AUC=0.79)."
60. Bozkuş. (2025). Predictors of reading performance of fourth-grade Turkish students.pdf,SVM,Reading performance (binary high vs low; ASRIBM01 PV1 benchmark),Socio-Emotional_Intervention,TUR,Country-Specific,Traditional_Stats,4,"Using PIRLS 2021 Türkiye (Grade 4) Reading the study leveraged school emphasis on foundational literacy (letter-sound and alphabet letters, reading words) together with access to books (borrowing from classroom library) and teacher assessment practices to predict binary reading performance, finding that the SVM distinguished high- vs low-performing students with high accuracy (≈95.7%) and strong agreement (Kappa ≈0.914)."
61. Wang et al. (2022). Beating the odds: Identifying the top predictors of resilience among Hong Kong students.pdf,Random Forest,Academic resilience (binary: resilient vs non-resilient),Curriculum_and_Instruction;Resource_Allocation_Equity;Governance_and_School_Climate;Socio-Emotional_Intervention,HKG,Country-Specific,Ensemble_Learning,4,"Using PISA 2018 Reading data for Hong Kong students in the ESCS bottom quartile, the study leveraged metacognition (assess credibility), joy of reading, teacher-directed instruction, perceived test difficulty, and sense of belonging to predict academic resilience (resilient vs non-resilient), finding that the random forest achieved AUC=0.81 and accuracy=0.83."
62. Wang et al. (2022). Understanding Chinese Students’ Well‑Being: A Machine Learning Study.pdf,Random Forest,Positive affect (well-being dimension) | Negative affect (well-being dimension) | Life satisfaction (well-being dimension) | Eudaimonic well-being (meaning in life),Curriculum_and_Instruction;Resource_Allocation_Equity;Governance_and_School_Climate;Socio-Emotional_Intervention,CHN,Country-Specific,Ensemble_Learning,4,"Using PISA 2018 China the study leveraged sense of school belonging, resilience, self-concept of competence, work mastery, and mastery goal orientation to predict positive affect, finding that school belonging and resilience were the most important predictors (highest %IncMSE) and that the optimal random-forest model achieved R² = 21.41% (MSE = 0.79)."
63. Wan et al. (2025). What are the Most Important Factors Influencing Science Performance? A Machine Learning Study of Singaporean and Finish PISA Data.pdf,Random Forest,Science performance (10 plausible values),Resource_Allocation_Equity;Teacher_Workforce_Development;Socio-Emotional_Intervention,SGP;FIN,Multi-Country,Ensemble_Learning,4,"Using PISA 2015 Science data for Singapore and Finland, the study leveraged science learning time (SMINS), justification in epistemological beliefs (OBJBLF), enjoyment of science (JOYSCIE), science self-efficacy (SCIEEFF), and ICT-related resources/use to predict science performance (PVs), finding that these motivational and ICT-related factors were among the top predictors in both countries, while additional top factors differed by country (e.g., teacher fairness and disciplinary climate at the school level)."
64. Constante-Amores et al. (2024). Contribution of machine learning to the analysis of grade repetition in Spain: A study based on PISA data.pdf,Stochastic Gradient Boosting,Grade repetition in primary education (binary) | Grade repetition in secondary education (binary),Curriculum_and_Instruction;Resource_Allocation_Equity;Governance_and_School_Climate,ESP,Country-Specific,Ensemble_Learning,4,"Using PISA 2018 Spain the study leveraged ESCS, BSMJ, MMINS (plus SCCHANGE and DIRINS) to predict binary grade repetition in primary education, finding that social status and learning-time/curriculum-related factors are among the strongest predictors and that the full model (all predictors) explains about 61% of the variance (PEV), with stochastic gradient boosting providing the variable ranking and selection."
"65. Khine et al. (2024). A Machine-Learning Approach to Predicting the Achievement of Australian Students Using School Climate; Learner Characteristics; and Economic, Social, and Cultural Status.pdf",XGBoost,Mathematics achievement score (ACHIEVE),Resource_Allocation_Equity;Governance_and_School_Climate;Socio-Emotional_Intervention,AUS,Country-Specific,Ensemble_Learning,3,"Using PISA 2022 (Australia) mathematics achievement the study leveraged mathematics self-efficacy (MATHEFF), socioeconomic status (ESCS), and school-climate/learner-characteristic constructs (e.g., student–teacher relationship, sense of belonging, disciplinary climate) to predict mathematics achievement, finding that XGBoost achieved the lowest prediction errors (MSE 5227.0; RMSE 72.776) and the highest explained variance (R² 0.424) among the five regression models."
66. Zhan & Qiao (2022). Diagnostic Classification Analysis Of Problem-Solving Competence Using Process Data: An Item Expansion Method.pdf,None,Latent problem-solving ability (HO-DINA θ1) vs PCM θ2 | Diagnostic classification of problem-solving skill mastery patterns,Cross-Cutting_Methodological,USA;SGP;AUT;TUR,Multi-Country,Review_or_Methodology,3,"Using PISA 2012 TICKETS task 2 (CP038Q01) process data, the study leveraged the five problem-solving skills (α1–α5) to estimate latent problem-solving ability via the higher-order HO-DINA model and compared it to a unidimensional PCM outcome-based estimate, finding that the HO-DINA ability estimates were strongly correlated with PCM (r = 0.826) and had significantly smaller standard errors, indicating more accurate and more precise ability estimation from action-level process data."
67. Anghel et al. (2024). The use of process data in large‑scale assessments: a literature review.pdf,None,problem-solving,Cross-Cutting_Methodological,Unspecified,Unspecified,Review_or_Methodology,2,"Using PISA the study leveraged the reported predictors to predict problem-solving, finding that This scoping review used structural topic modeling (STM) on the abstracts of 221 empirical studies to identify recurring themes in the use of process/log-file data in large-scale assessments."
68. Peters et al. (2025). Review of Text-Based Approaches to Item Difficulty Modeling in Large-Scale Assessments.pdf,None,Not_specified,Cross-Cutting_Methodological,Unspecified,Unspecified,Review_or_Methodology,1,[Purely Methodological / No Explicit Policy Statement]
69. Hernández‑Torrano & Courtney. (2021). Modern international large‑scale assessment in education: an integrative review and mapping of the literature.pdf,None,Literature synthesis outcome (not student-level prediction),Resource_Allocation_Equity;Socio-Emotional_Intervention,USA;DEU;CHN;TUR;ESP;GBR;AUS;ITA;NLD;SWE;BEL;NOR;ZAF;CAN;FIN;ARG;COL;CZE;DNK;GEO;MLT;VNM,Global,Review_or_Methodology,2,"Using PISA the study leveraged the reported predictors to predict Literature synthesis outcome (not student-level prediction), finding that This integrative bibliometric review maps modern ILSA research in education using 2,233 Web of Science-indexed journal articles and reviews (1997–2020 coverage in the bibliometric analyses)."
7. Alas & Tezer. (2024). Artificial Neural Network and Adaptive Neuro Fuzzy Inference System Hybridized Models in the Sustainable Integration of Language and Mathematics Skills: The Case of Singapore and Hong Kong.pdf,ANFIS,Language skills in native curriculum (predicted from math language themes),Curriculum_and_Instruction,SGP;HKG,Multi-Country,Hybrid_Penalized,3,"Using PISA 2018 mathematics/reading score information for Singapore and Hong Kong together with curriculum content-analysis-derived language-theme frequencies, the study leveraged verbal skills (from native-language curriculum themes) and math curriculum language themes to predict language skills in the native language teaching programs, finding an overall insufficient relationship (ANN R²≈0.35; ANFIS slightly higher R²≈0.40) with lower error for ANFIS (RMSE≈12.43 vs 17.64)."
70. Maia et al. (2023). Applications of Artificial Intelligence Models in Educational Analytics and Decision Making: A Systematic Review.pdf,None,Literature synthesis outcome (not student-level prediction),Cross-Cutting_Methodological,PRT;TUR;BRA,Multi-Country,Review_or_Methodology,2,"Using PISA the study leveraged the reported predictors to predict Literature synthesis outcome (not student-level prediction), finding that As a systematic review, the paper does not train or evaluate machine learning models on an original student-level dataset, so no predictive performance metrics (e.g., accuracy, RMSE, AUC) are reported for this review itself."
71. Huang et al. (2025). The Application of Machine Learning to Educational Process Data Analysis: A Systematic Review.pdf,None,Not_specified,Cross-Cutting_Methodological,Unspecified,Unspecified,Review_or_Methodology,1,[Purely Methodological / No Explicit Policy Statement]
72. Teig. (2024). Uncovering Student Strategies for Solving Scientific Inquiry Tasks: Insights from Student Process Data in PISA.pdf,None,Inquiry response accuracy (MC and data response) | Inquiry performance profiles (strategic vs emergent vs disengaged),Curriculum_and_Instruction;Socio-Emotional_Intervention,NOR,Country-Specific,Review_or_Methodology,4,"Using PISA 2015 Field Trial (Norway) Task 1 the study leveraged VOTAT navigation behavior, number of actions/trials, and response-time indicators to characterize how students’ inquiry process patterns relate to MC and data-response accuracy, finding that VOTAT-based sequences were common but only a minority solved the task correctly and that successful students showed more goal-oriented exploration patterns."
73. Yun et al. (2025). Discovering action insights from large-scale assessment log data using machine learning.pdf,Neural Network,High vs low performance (score3 vs score0) | Correct vs incorrect performance,Cross-Cutting_Methodological,BEL,Country-Specific,Deep_Learning,5,"Using PIAAC 2012 “Party Invitation” log the study leveraged action-sequence representations (Word2Vec/Doc2Vec) to predict high vs low performance (score3 vs score0), finding that focusing on mail-moving actions (Case 2) produced the strongest separation (silhouette 0.491) and the highest classification performance (NN Accuracy 94.6%, F1 0.962), while excluding these actions reduced both clustering coherence and predictive efficiency."
74. Ding et al. (2025). Evaluating test-taking motivation based on process data and its influence on academic performance.pdf,None,Science academic performance (Plausible Value 1),Resource_Allocation_Equity;Socio-Emotional_Intervention,CHN;SGP;KOR;JPN;GBR;USA;CAN;AUS,Multi-Country,Review_or_Methodology,3,"Using PISA 2018 Science data (clusters S01 & S02) the study leveraged behavioral effort (derived from process indicators), self-reported effort, and response time effort (RTE)—while controlling for SES, gender, competitiveness, and work mastery—to predict science academic performance (PV1)."
75. Aydin et al. (2025). Investigating the Predictive Performance of Process Data and Result Data in Complex Problem Solving Using the Conditional Gradient Boosting Algorithm.pdf,Gradient Boosting,"CPS score (model-based, EAP-scaled)",Socio-Emotional_Intervention,TUR,Country-Specific,Ensemble_Learning,3,"Using PISA 2012 Türkiye CPS process-data (from the first climate control item CP025Q01) to predict the CPS score, the study found that VOTAT strategy score and total time were the most influential predictors, with moderate predictive performance (R² = 0.551)."
76. Guo et al. (2024). Human-Centered AI for Discovering Student Engagement Profiles on Large-Scale Educational Assessments.pdf,Random Forest,Engagement profile label (10-profile classification),Socio-Emotional_Intervention,USA,Country-Specific,Ensemble_Learning,4,"Using NAEP 2022 Grade 8 Mathematics item-block the study leveraged total block score, total time on block, total number of visits, item response time category, and item navigation sequence to predict engagement profile membership across ten preliminary profiles, finding that the resulting profiles were differentiable and that about 60% of students fell into low/very-low-score profiles while about 40% fell into medium-or-higher-score profiles."
77. Shin et al. (2024). An engagement‑aware predictive model to evaluate problem‑solving performance from the study of adult skills’ (PIAAC 2012) process data.pdf,LSTM,Problem-solving performance (categorical score) | Task engagement (binary engaged/disengaged),Socio-Emotional_Intervention,USA;KOR;GBR,Multi-Country,Deep_Learning,3,"Using PIAAC 2012 PS-TRE (Booklet PS1) process-log the study leveraged engagement status, navigation network statistics, and response time to predict problem-solving performance, finding that the Effort-Aware Attention-LSTM improved performance across all three countries and all three metrics (accuracy, AUC, and F1) relative to the non-engagement-aware Attention-LSTM."
78. Salles et al. (2025). When didactics meet data science: process data analysis in large‑scale mathematics assessment in France.pdf,Random Forest,Item success (correct boolean),Cross-Cutting_Methodological,FRA,Country-Specific,Ensemble_Learning,3,"Using CEDRE May 2017 Grade 9 “Tree growth” process-data logs, the study leveraged month list length, variance (std dev) of tested values, and distances from early inputs to the target (plus alternation behavior) to predict item success (correct boolean), finding that these process-derived features were decisive and that the Random Forest achieved ROC AUC = 0.78."
79. Pejic & Molcer. (2021). Predictive Machine Learning Approach for Complex Problem Solving Process Data Mining.pdf,Neural Network,Climate Control task success (TRUE/FALSE),Cross-Cutting_Methodological,Unspecified,Unspecified,Deep_Learning,3,"Using PISA 2012 CBA Problem Solving (Climate Control CP025Q01) the study leveraged VOTAT strategy usage ratios and time spent on task phases to predict Climate Control task success (TRUE/FALSE), finding that deep learning achieved the highest F-measure with VOTAT-based features (94.3%, optimized 94.9%), while time-based features yielded substantially lower performance (F-measure 77.1%, optimized 77.9%)."
8. Acıslı-Celik & Yesilkanat. (2023). Predicting science achievement scores with machine learning algorithms: a case study of OECD PISA 2015–2018 data.pdf,XGBoost,PISA-2018 science achievement (PV2SCIE),Resource_Allocation_Equity,BRA;TWN;DOM;EST;FIN;HUN;ITA;JPN;LTU;LUX;PER;SGP;TUR,Global,Ensemble_Learning,3,"Using PISA 2015 Science (PV2SCIE) data to predict PISA 2018 Science (PV2SCIE) for 13 countries, the study leveraged science learning time (SMINS), socioeconomic status (ESCS), home possessions (HOMEPOS), and total learning time (TMINS) to predict future science achievement, finding that XGBoost achieved the best predictive performance across all countries (highest correlations and lowest RMSE/MAE relative to MLR, SVR, and Random Forest)."
80. Peters et al. (2025). Text-Based Approaches to Item Difficulty Modeling in Large-Scale Assessments: A Systematic Review.pdf,None,item difficulty,Cross-Cutting_Methodological,Unspecified,Unspecified,Review_or_Methodology,2,"Using ILSA literature synthesis (systematic review; no single student-level analytic micro-dataset) the study leveraged the reported predictors to predict item difficulty, finding that This systematic review synthesizes 37 articles (46 studies) on text-based item difficulty prediction in large-scale assessment contexts."
81. Schipper et al. (2025). Identifying students’ solution strategies in digital mathematics assessment using log data.pdf,None,Mathematical ability (WLE theta) differences across solution-strategy classes,Socio-Emotional_Intervention,FRA,Country-Specific,Review_or_Methodology,3,"Using CEDRE 2019 Grade 9 digital mathematics item the study leveraged log-derived engagement and input-behavior variables (e.g., interactions, time away, response time, and whether key values were entered) to identify five solution-strategy classes via finite mixture clustering, and found that the disengaged class (class 5) had the lowest estimated mathematical ability (WLE theta) with large, Bonferroni-adjusted effect sizes."
82. Costa & Chen. (2023). Exploring the relationship between process data and contextual variables among Scandinavian students on PISA 2012 mathematics tasks.pdf,None,Latent math performance (response accuracy) | Latent speed (log response time) | Latent exploration behaviour (log frequency of actions) | Measurement invariance of the three-factor process model,Resource_Allocation_Equity,DNK;SWE;NOR,Multi-Country,Review_or_Methodology,3,"Using PISA 2012 CBAM data for CM015Q01/CM015Q02D/CM015Q03D, the study leveraged ESCS, gender, language at home, immigration background, and contextual ICT/OTL variables to explain latent math performance (response accuracy), finding that ESCS consistently increased math proficiency across Denmark, Sweden, and Norway, while gender effects were country-specific (present in Denmark and Sweden only), ExPureM improved performance in Sweden and Norway only, and ICT showed a negative association with math performance in Denmark."
83. Murchan & Siddiq. (2021). A call to action: a systematic review of ethical and regulatory issues in using process data in educational assessment.pdf,None,Literature synthesis outcome (not student-level prediction),Cross-Cutting_Methodological,AUS;ESP;USA;DEU;NLD;UKR,Multi-Country,Review_or_Methodology,2,"Using ILSA literature synthesis (systematic review; no single student-level analytic micro-dataset) the study leveraged the reported predictors to predict Literature synthesis outcome (not student-level prediction), finding that This paper is a systematic review (not an ML modeling study) examining how ethical, privacy, and regulatory considerations are addressed in research using process/log data in educational assessment."
84. Gong et al. (2023). Using process features to investigate scientific problem-solving in large-scale assessments.pdf,None,"Item score (rubric-based, 1–3) | Item score (rubric-based, 1–4)",Cross-Cutting_Methodological,USA,Country-Specific,Review_or_Methodology,5,"Using NAEP 2018 Science pilot fair test 1 (Grade 8) the study leveraged preparation time (PT), execution time (ET), and mean execution time (MET) to analyze rubric-based item scores, finding that higher-scoring students tended to spend less time executing actions and (for full-score vs lowest-score) less time preparing and executing on average."
85. Ludwig et al. (2024). Predicting problem-solving success in an office simulation applying N-grams and a random forest to behavioral process data.pdf,Random Forest,Problem-solving success (binary class; more vs less successful),Cross-Cutting_Methodological,DEU,Country-Specific,Ensemble_Learning,3,"Using Luca office-simulation log data from VET students, the study leveraged early-window process indicators captured via n-gram/bigram behavior patterns—especially note-taking, relevant document access, spreadsheet calculation, and attachment-download sequences—to predict binary problem-solving success, finding that predictive performance improves as the early window expands from 5 to 20 minutes (AUC ROC 0.61→0.67) and further improves with feature selection (up to ~0.70)."
86. Pejic et al. (2022). Improving math proficiency prediction in computer- based international large-scale assessments with data augmentation.pdf,Neural Network,Math proficiency class (low/medium/high),Curriculum_and_Instruction;Resource_Allocation_Equity,Unspecified,Unspecified,Deep_Learning,3,"Using PISA 2012 computer-based assessment the study leveraged student math attitudes, books at home, mathematics efficacy, and out-of-school study time variables to predict three math proficiency classes, finding that training with synthetic data (especially CTGAN for minority-class recall and G-mean) improved minority-class prediction while majority-class performance deteriorated."
87. Kara. (2025). Exploring Test-Taking Disengagement in the Context of PISA 2022: Evidence from Process Data.pdf,None,Engagement profile membership (LPA profiles) | Mathematics achievement (profile differences),Socio-Emotional_Intervention,TUR,Country-Specific,Review_or_Methodology,4,"Using PISA 2022 (Turkey) mathematics the study leveraged response time (RT), number of actions (NA), and self-reported effort (SRE) to classify students into engagement profiles, finding three distinct groups: Moderately Engaged (Profile 1, 82.79%), Highly Engaged (Profile 2, 7.20%), and Disengaged (Profile 3, 10.01%)."
88. Park et al. (2023). Understanding students’ problem-solving patterns: Evidence from an allotted response time in a PISA 2012 item.pdf,Elastic Net,Overall problem-solving ability (PISA scale-score ratio),Cross-Cutting_Methodological,Unspecified,Unspecified,Hybrid_Penalized,3,"Using PISA 2012 CPS Ticket item CP038q1 data for students with the correct answer, the study leveraged time_start, time_b1, time_b3, time_irrelevant, and time_avg_btw_events to predict overall problem-solving ability (PISA scale-score ratio), finding that these time-related process variables were the most consistently selected and yielded a test-set RMSE of 0.18."
89. Lee et al. (2025). Uncovering Behavioral Patterns in Creative Thinking: Utilizing and Interpreting PISA 2022 Process Data.pdf,None,how PISA defines engagement/disengagement-related indicators achievement,Curriculum_and_Instruction;Socio-Emotional_Intervention,Unspecified,Unspecified,Review_or_Methodology,1,[Purely Methodological / No Explicit Policy Statement]
9. Alkan et al. (2025). Educational improvement through machine learning: Strategic models for better PISA scores.pdf,Random Forest,Country success in reading (high vs low) | Country success in mathematics (high vs low) | Country success in science (high vs low),Curriculum_and_Instruction;Resource_Allocation_Equity,AUS;AUT;BEL;CAN;CHE;CHL;COL;CRI;CZE;DEU;DNK;ESP;EST;FIN;FRA;GBR;GRC;HUN;IRL;ISL;ISR;ITA;JPN;KOR;LUX;MEX;NLD;NOR;NZL;POL;PRT;SVK;SWE;TUR;USA;ZAF,Global,Ensemble_Learning,3,"Using PISA 2018 data for OECD countries, the study leveraged total weekly teaching load (CPERWEEK), foreign-language weekly lessons (CPERFORLAN), ICT resources (ICTRES), ESCS, and highest parental occupational status (HISEI) to predict country success in reading, finding that CPERWEEK and CPERFORLAN were among the strongest predictors while metacognition credibility (METASPAM) had the lowest coefficient among the selected set."
90. Han et al. (2023). Behavioral patterns in collaborative problem solving: a latent profile analysis based on response times and actions in PISA 2015.pdf,None,ColPS overall performance (PVCLPS),Cross-Cutting_Methodological,AUS;CAN;HKG;LUX;MAC;NZL;SGP;SWE;ARE;GBR;USA,Global,Review_or_Methodology,3,"Using PISA 2015 ColPS (Xandar unit) the study leveraged response-time and action indicators across the four parts to identify two latent behavioral profiles and then compared them on overall ColPS performance (PVCLPS), finding that Profile 1 (more efficient, fewer actions and shorter response times) outperformed Profile 2 by 129.41 PV points on average (p<.01)."
91. Pejic et al. (2021). Math proficiency prediction in computer-based international large-scale assessments using a multi-class machine learning model.pdf,Random Forest,Math proficiency class (low/mediocre/high),Resource_Allocation_Equity;Socio-Emotional_Intervention,Unspecified,Unspecified,Ensemble_Learning,3,"Using PISA 2012 CBA Mathematics the study leveraged mathematics efficacy, books at home, literature possessions, and out-of-school study time indicators to predict students’ three-class math proficiency, finding that a Random Forest model with recursive feature elimination achieved the best overall performance (highest micro F1/recall and best Cohen’s Kappa among tested configurations)."
92. Park et al. (2025). Measurement Invariance for Multilingual Learners Using Item Response and Response Time in PISA 2018.pdf,None,Differential item functioning (DIF) in scored responses | Latent ability differences (WLE theta) between ML and non-ML | Differential response time (DRT) between ML and non-ML,Resource_Allocation_Equity;Socio-Emotional_Intervention,USA,Country-Specific,Review_or_Methodology,4,"This indicates that these patterns have implications for educational policy and instructional practice, though cross-sectional ILSA designs cannot establish causality."
93. Liang et al. (2023). Using Process Data to Improve Classification Accuracy of Cognitive Diagnosis Model.pdf,None,"Attribute classification reliability (tetrachoric reliability; attribute reliabilities) | Person classification accuracy (pattern correct classification rate, PCCR) | Attribute-level classification accuracy (ACCR)",Cross-Cutting_Methodological,CHN,Country-Specific,Review_or_Methodology,3,"Using PISA 2018 computer-based reading the study leveraged item response accuracy together with response times and mouse-action traces to predict attribute mastery/classification reliability, finding that the joint model (JCDM-RRT) produced higher attribute classification reliability (0.494) than models using no process data (0.437) or only RTs (0.454)."
94. Robitzsch & Lüdtke. (2022). Some thoughts on analytical choices in the scaling model for test scores in international large‑scale assessment studies.pdf,None,Literature synthesis outcome (not student-level prediction),Socio-Emotional_Intervention,Unspecified,Unspecified,Review_or_Methodology,2,"Using PISA the study leveraged the reported predictors to predict Literature synthesis outcome (not student-level prediction), finding that This is not an empirical ML study; it is a methodological paper arguing for design-based inference as the preferred basis for official reporting in international large-scale assessments."
95. Bungaro et al. (2024). Jointly exploring mathematics ability and speed in large‑scale computer‑based testing.pdf,None,Mathematics ability (latent ability) | Test-taking speed (latent speed),Resource_Allocation_Equity;Socio-Emotional_Intervention,ITA,Country-Specific,Review_or_Methodology,3,"Using INVALSI 2017–2018 Grade 10 Mathematics the study leveraged prior achievement, math test anxiety, gender, ESCS, and class average ESCS to explain latent mathematics ability, finding that ability is negatively associated with speed and decreases substantially at higher levels of test anxiety (non-linear pattern), with lower prior achievement linked to lower ability and higher class ESCS linked to higher ability."
96. Li et al. (2025). Exploring the Evidence to Interpret Differential Item Functioning via Response Process Data.pdf,Random Forest,Gender DIF item label (DIF vs DIF-free),Cross-Cutting_Methodological,USA,Country-Specific,Ensemble_Learning,3,"Using PIAAC 2012 Computer-based Numeracy (United States) the study leveraged response-process timing features (RT, FIRST_TIMING) and action-sequence features (betweenness centrality, density, number of nodes) to predict whether an item was labeled as gender DIF versus DIF-free, finding that the combination of timing and action-sequence features was most informative and that Random Forest and ridge logistic regression achieved comparable overall discrimination (AUC≈0.85–0.86) with acceptable classification performance (all metrics >0.60 except LR precision)."
97. Chen et al. (2023). Using learners’ problem‑solving processes in computer‑based assessments for enhanced learner modeling: A deep learning approach.pdf,Neural Network,Next-step item response correctness (binary),Cross-Cutting_Methodological,Unspecified,Unspecified,Deep_Learning,3,"Using PSLC DataShop Lab study 2012 (cleanedLogs) fraction tutoring the study leveraged problem-solving action sequences, action time durations, learner/item embeddings, and the KC latent skill model to predict next-step item response correctness, finding that the full deep learning model achieved higher ACC/AUC and lower MAE/RMSE than DKT and a variant without process-data learning (e.g., at training ratio 0.7: ACC 0.7225 vs 0.7037 for DKT; AUC 0.7400 vs 0.7157)."
98. Zhou & Jiao. (2022). Exploration of the Stacking Ensemble Machine Learning Algorithm for Cheating Detection in Large-Scale Assessment.pdf,Discriminant Analysis,Cheater detection (binary classification),Cross-Cutting_Methodological,Unspecified,Unspecified,Traditional_Stats,3,"Using the licensure-test dataset with item responses, response time, and augmented summary statistics (OEF), the study leveraged item response scores and OEF (with response time) together with under-sampling (10:1 non-cheater:cheater) to predict cheater status, finding that a stacking meta-model using Discriminant Analysis on the top two base models (Gradient Boosting and Random Forest) achieved the best overall balance (Recall=0.638, Precision=0.551, F1=0.586) with a relatively low false-positive rate (0.014)."
99. Jiao et al. (2021). Editorial: Process Data in Educational and Psychological Measurement.pdf,None,Literature synthesis outcome (not student-level prediction),Cross-Cutting_Methodological,Unspecified,Unspecified,Review_or_Methodology,2,"Using PISA the study leveraged the reported predictors to predict Literature synthesis outcome (not student-level prediction), finding that This editorial does not report model training, predictive performance metrics, or an empirical dataset used for analysis."
